Author_id,Count,Non_Lxi,CountN,CountNC,Behavior
216205,3,"['N', 'NC', 'N']",2,1,['both']
215216,4,"['N', 'N', 'NC', 'NC']",2,2,['both']
216797,2,"['N', 'NC']",1,1,['both']
224561,2,"['N', 'NC']",1,1,['both']
226069,1,['N'],1,0,['thread comment']
226023,3,"['N', 'N', 'N']",3,0,['thread comment']
217998,1,['NC'],0,1,['comment']
220025,1,['NC'],0,1,['comment']
224838,1,['N'],1,0,['thread comment']
218026,2,"['N', 'NC']",1,1,['both']
216187,3,"['NC', 'N', 'NC']",1,2,['both']
212224,11,"['N', 'NC', 'N', 'NC', 'NC', 'N', 'NC', 'NC', 'NC', 'NC', 'NC']",3,8,['both']
212607,4,"['N', 'NC', 'N', 'NC']",2,2,['both']
219402,1,['NC'],0,1,['comment']
219679,1,['N'],1,0,['thread comment']
219669,2,"['N', 'NC']",1,1,['both']
218888,1,['N'],1,0,['thread comment']
224690,1,['N'],1,0,['thread comment']
220850,1,['N'],1,0,['thread comment']
216273,1,['N'],1,0,['thread comment']
213529,2,"['N', 'NC']",1,1,['both']
224365,1,['N'],1,0,['thread comment']
224425,1,['N'],1,0,['thread comment']
225843,1,['N'],1,0,['thread comment']
220388,10,"['N', 'NC', 'NC', 'N', 'NC', 'NC', 'NC', 'NC', 'N', 'NC']",3,7,['both']
225040,1,['N'],1,0,['thread comment']
224397,1,['N'],1,0,['thread comment']
218966,1,['N'],1,0,['thread comment']
214263,1,['N'],1,0,['thread comment']
213526,1,['N'],1,0,['thread comment']
217873,3,"['NC', 'N', 'NC']",1,2,['both']
221942,1,['N'],1,0,['thread comment']
223908,3,"['N', 'NC', 'NC']",1,2,['both']
215471,9,"['N', 'NC', 'N', 'N', 'N', 'NC', 'NC', 'NC', 'N']",5,4,['both']
219164,17,"['N', 'NC', 'N', 'NC', 'NC', 'NC', 'NC', 'NC', 'NC', 'NC', 'NC', 'NC', 'NC', 'N', 'NC', 'NC', 'NC']",3,14,['both']
223952,2,"['N', 'N']",2,0,['thread comment']
224691,1,['N'],1,0,['thread comment']
218815,6,"['N', 'N', 'NC', 'NC', 'N', 'NC']",3,3,['both']
214826,19,"['NC', 'NC', 'N', 'NC', 'N', 'NC', 'NC', 'NC', 'NC', 'NC', 'NC', 'NC', 'NC', 'NC', 'NC', 'NC', 'NC', 'NC', 'NC']",2,17,['both']
224572,4,"['N', 'N', 'NC', 'NC']",2,2,['both']
225826,21,"['N', 'NC', 'N', 'NC', 'NC', 'N', 'NC', 'NC', 'NC', 'N', 'NC', 'NC', 'N', 'NC', 'N', 'NC', 'NC', 'NC', 'NC', 'N', 'NC']",7,14,['both']
211611,9,"['N', 'NC', 'NC', 'NC', 'NC', 'NC', 'NC', 'N', 'NC']",2,7,['both']
214200,2,"['NC', 'NC']",0,2,['comment']
224743,3,"['NC', 'NC', 'NC']",0,3,['comment']
226351,3,"['N', 'N', 'N']",3,0,['thread comment']
223548,2,"['N', 'N']",2,0,['thread comment']
216276,1,['N'],1,0,['thread comment']
223019,1,['NC'],0,1,['comment']
222280,3,"['N', 'NC', 'N']",2,1,['both']
213518,1,['N'],1,0,['thread comment']
213817,4,"['N', 'N', 'NC', 'NC']",2,2,['both']
213810,6,"['N', 'N', 'NC', 'NC', 'NC', 'NC']",2,4,['both']
220239,3,"['N', 'NC', 'NC']",1,2,['both']
224557,10,"['N', 'NC', 'NC', 'N', 'N', 'NC', 'N', 'N', 'NC', 'NC']",5,5,['both']
214318,5,"['N', 'NC', 'NC', 'NC', 'N']",2,3,['both']
219087,1,['N'],1,0,['thread comment']
214614,8,"['N', 'NC', 'N', 'NC', 'NC', 'N', 'NC', 'N']",4,4,['both']
218889,9,"['N', 'N', 'N', 'NC', 'NC', 'NC', 'NC', 'NC', 'NC']",3,6,['both']
217517,2,"['N', 'NC']",1,1,['both']
211464,1,['N'],1,0,['thread comment']
221901,13,"['N', 'NC', 'NC', 'NC', 'NC', 'NC', 'N', 'N', 'NC', 'NC', 'NC', 'NC', 'N']",4,9,['both']
224760,1,['N'],1,0,['thread comment']
223488,1,['N'],1,0,['thread comment']
110667,1,['NC'],0,1,['comment']
219522,7,"['NC', 'N', 'N', 'N', 'NC', 'NC', 'N']",4,3,['both']
223011,6,"['N', 'NC', 'NC', 'NC', 'NC', 'NC']",1,5,['both']
220891,2,"['N', 'NC']",1,1,['both']
216694,5,"['NC', 'NC', 'N', 'NC', 'N']",2,3,['both']
220127,8,"['N', 'NC', 'N', 'NC', 'NC', 'N', 'NC', 'NC']",3,5,['both']
225792,2,"['N', 'NC']",1,1,['both']
226665,1,['N'],1,0,['thread comment']
219517,1,['N'],1,0,['thread comment']
216848,1,['N'],1,0,['thread comment']
226747,1,['N'],1,0,['thread comment']
220959,19,"['NC', 'NC', 'N', 'NC', 'NC', 'NC', 'NC', 'NC', 'NC', 'N', 'NC', 'NC', 'NC', 'NC', 'NC', 'NC', 'NC', 'NC', 'NC']",2,17,['both']
221794,8,"['NC', 'N', 'NC', 'NC', 'NC', 'N', 'N', 'NC']",3,5,['both']
226757,1,['NC'],0,1,['comment']
216622,6,"['NC', 'N', 'NC', 'NC', 'N', 'NC']",2,4,['both']
220643,1,['N'],1,0,['thread comment']
226601,3,"['N', 'N', 'N']",3,0,['thread comment']
213753,14,"['NC', 'NC', 'NC', 'N', 'NC', 'NC', 'NC', 'NC', 'NC', 'N', 'N', 'NC', 'NC', 'NC']",3,11,['both']
224744,2,"['N', 'NC']",1,1,['both']
217697,4,"['N', 'N', 'NC', 'NC']",2,2,['both']
213794,1,['N'],1,0,['thread comment']
221100,1,['N'],1,0,['thread comment']
224446,2,"['N', 'NC']",1,1,['both']
225389,1,['NC'],0,1,['comment']
223281,8,"['NC', 'NC', 'N', 'NC', 'NC', 'NC', 'NC', 'NC']",1,7,['both']
225024,4,"['NC', 'NC', 'NC', 'NC']",0,4,['comment']
222994,1,['NC'],0,1,['comment']
225596,3,"['NC', 'N', 'N']",2,1,['both']
219377,2,"['N', 'NC']",1,1,['both']
216035,10,"['N', 'N', 'N', 'NC', 'N', 'N', 'NC', 'NC', 'NC', 'NC']",5,5,['both']
223081,2,"['N', 'NC']",1,1,['both']
223069,25,"['N', 'N', 'NC', 'NC', 'NC', 'N', 'NC', 'NC', 'NC', 'NC', 'NC', 'NC', 'NC', 'NC', 'NC', 'N', 'NC', 'N', 'NC', 'NC', 'NC', 'NC', 'NC', 'NC', 'NC']",5,20,['both']
211523,3,"['N', 'NC', 'NC']",1,2,['both']
215836,3,"['N', 'N', 'N']",3,0,['thread comment']
216816,1,['N'],1,0,['thread comment']
213919,1,['NC'],0,1,['comment']
211418,1,['N'],1,0,['thread comment']
220135,1,['NC'],0,1,['comment']
212405,6,"['NC', 'N', 'NC', 'N', 'N', 'N']",4,2,['both']
223528,1,['N'],1,0,['thread comment']
213816,13,"['N', 'N', 'N', 'NC', 'NC', 'NC', 'NC', 'NC', 'NC', 'NC', 'NC', 'NC', 'NC']",3,10,['both']
226876,1,['N'],1,0,['thread comment']
223955,1,['N'],1,0,['thread comment']
222983,10,"['N', 'N', 'NC', 'NC', 'NC', 'N', 'NC', 'NC', 'NC', 'N']",4,6,['both']
219446,4,"['N', 'N', 'NC', 'NC']",2,2,['both']
223981,1,['N'],1,0,['thread comment']
219454,6,"['N', 'N', 'N', 'NC', 'NC', 'NC']",3,3,['both']
222437,3,"['N', 'NC', 'NC']",1,2,['both']
221095,1,['N'],1,0,['thread comment']
211723,1,['N'],1,0,['thread comment']
219232,2,"['N', 'N']",2,0,['thread comment']
217401,2,"['N', 'NC']",1,1,['both']
226844,4,"['N', 'NC', 'NC', 'N']",2,2,['both']
211524,1,['N'],1,0,['thread comment']
204830,5,"['N', 'N', 'NC', 'NC', 'NC']",2,3,['both']
217992,8,"['NC', 'N', 'N', 'NC', 'NC', 'NC', 'NC', 'N']",3,5,['both']
223719,1,['N'],1,0,['thread comment']
214006,1,['N'],1,0,['thread comment']
225517,5,"['N', 'NC', 'N', 'NC', 'N']",3,2,['both']
222567,23,"['N', 'NC', 'NC', 'N', 'NC', 'NC', 'N', 'NC', 'NC', 'NC', 'NC', 'NC', 'NC', 'NC', 'NC', 'NC', 'NC', 'NC', 'NC', 'NC', 'NC', 'NC', 'NC']",3,20,['both']
224524,7,"['N', 'N', 'NC', 'NC', 'NC', 'NC', 'NC']",2,5,['both']
219815,1,['N'],1,0,['thread comment']
218128,1,['N'],1,0,['thread comment']
217070,1,['N'],1,0,['thread comment']
218023,1,['N'],1,0,['thread comment']
225997,12,"['N', 'NC', 'NC', 'NC', 'N', 'NC', 'NC', 'NC', 'N', 'NC', 'NC', 'NC']",3,9,['both']
220217,1,['N'],1,0,['thread comment']
217936,1,['N'],1,0,['thread comment']
219973,13,"['N', 'N', 'N', 'NC', 'NC', 'NC', 'N', 'NC', 'NC', 'N', 'NC', 'NC', 'NC']",5,8,['both']
211441,3,"['N', 'N', 'N']",3,0,['thread comment']
215891,9,"['N', 'NC', 'NC', 'NC', 'N', 'N', 'NC', 'NC', 'NC']",3,6,['both']
211527,1,['N'],1,0,['thread comment']
225178,1,['N'],1,0,['thread comment']
212566,1,['NC'],0,1,['comment']
217678,13,"['NC', 'N', 'NC', 'NC', 'N', 'N', 'N', 'N', 'N', 'N', 'NC', 'NC', 'NC']",7,6,['both']
225204,1,['N'],1,0,['thread comment']
226989,2,"['N', 'NC']",1,1,['both']
221865,18,"['N', 'NC', 'NC', 'NC', 'NC', 'NC', 'NC', 'N', 'NC', 'NC', 'N', 'NC', 'N', 'NC', 'NC', 'NC', 'NC', 'N']",5,13,['both']
215662,1,['N'],1,0,['thread comment']
222258,3,"['N', 'N', 'N']",3,0,['thread comment']
217901,9,"['N', 'N', 'N', 'NC', 'NC', 'NC', 'NC', 'NC', 'NC']",3,6,['both']
212798,17,"['N', 'NC', 'NC', 'NC', 'NC', 'N', 'NC', 'NC', 'NC', 'NC', 'NC', 'NC', 'NC', 'NC', 'NC', 'NC', 'NC']",2,15,['both']
212018,8,"['N', 'NC', 'N', 'NC', 'NC', 'NC', 'NC', 'NC']",2,6,['both']
213975,1,['N'],1,0,['thread comment']
220979,12,"['NC', 'N', 'N', 'N', 'NC', 'NC', 'NC', 'N', 'NC', 'N', 'NC', 'NC']",5,7,['both']
222042,1,['N'],1,0,['thread comment']
218262,1,['N'],1,0,['thread comment']
214147,4,"['N', 'NC', 'NC', 'N']",2,2,['both']
226222,2,"['N', 'NC']",1,1,['both']
215342,1,['N'],1,0,['thread comment']
223798,1,['N'],1,0,['thread comment']
214662,1,['N'],1,0,['thread comment']
222249,1,['N'],1,0,['thread comment']
219905,2,"['N', 'N']",2,0,['thread comment']
223763,3,"['N', 'NC', 'NC']",1,2,['both']
224712,8,"['N', 'NC', 'NC', 'NC', 'N', 'NC', 'NC', 'NC']",2,6,['both']
224709,2,"['N', 'NC']",1,1,['both']
225404,7,"['N', 'N', 'NC', 'NC', 'NC', 'N', 'NC']",3,4,['both']
213901,2,"['N', 'NC']",1,1,['both']
214966,12,"['N', 'NC', 'N', 'NC', 'N', 'NC', 'NC', 'N', 'NC', 'NC', 'NC', 'NC']",4,8,['both']
224540,2,"['N', 'NC']",1,1,['both']
222506,1,['N'],1,0,['thread comment']
221516,1,['NC'],0,1,['comment']
211428,6,"['NC', 'N', 'N', 'NC', 'N', 'NC']",3,3,['both']
215820,2,"['N', 'N']",2,0,['thread comment']
214691,6,"['N', 'NC', 'NC', 'NC', 'NC', 'NC']",1,5,['both']
223648,2,"['N', 'NC']",1,1,['both']
227009,1,['N'],1,0,['thread comment']
216300,2,"['N', 'NC']",1,1,['both']
227056,7,"['N', 'NC', 'NC', 'N', 'NC', 'NC', 'NC']",2,5,['both']
227045,1,['N'],1,0,['thread comment']
219968,1,['N'],1,0,['thread comment']
226230,1,['N'],1,0,['thread comment']
211679,3,"['N', 'NC', 'NC']",1,2,['both']
214272,2,"['N', 'NC']",1,1,['both']
110636,4,"['NC', 'NC', 'NC', 'NC']",0,4,['comment']
226994,5,"['N', 'NC', 'NC', 'NC', 'NC']",1,4,['both']
224750,2,"['NC', 'NC']",0,2,['comment']
218770,1,['N'],1,0,['thread comment']
216370,8,"['NC', 'N', 'N', 'N', 'NC', 'NC', 'NC', 'NC']",3,5,['both']
217919,1,['N'],1,0,['thread comment']
220735,2,"['N', 'NC']",1,1,['both']
222825,1,['N'],1,0,['thread comment']
212968,4,"['NC', 'NC', 'NC', 'NC']",0,4,['comment']
217436,2,"['N', 'N']",2,0,['thread comment']
222378,5,"['N', 'NC', 'N', 'N', 'N']",4,1,['both']
214887,1,['N'],1,0,['thread comment']
224637,12,"['NC', 'NC', 'NC', 'N', 'NC', 'NC', 'N', 'N', 'N', 'NC', 'NC', 'NC']",4,8,['both']
224484,6,"['N', 'NC', 'NC', 'NC', 'NC', 'NC']",1,5,['both']
224597,3,"['N', 'NC', 'NC']",1,2,['both']
215119,1,['N'],1,0,['thread comment']
219468,9,"['N', 'N', 'N', 'NC', 'NC', 'NC', 'NC', 'N', 'N']",5,4,['both']
220138,19,"['N', 'NC', 'NC', 'N', 'N', 'N', 'N', 'NC', 'NC', 'N', 'NC', 'N', 'N', 'NC', 'N', 'N', 'NC', 'NC', 'N']",11,8,['both']
215450,3,"['N', 'NC', 'NC']",1,2,['both']
212892,2,"['N', 'NC']",1,1,['both']
226340,1,['N'],1,0,['thread comment']
217438,1,['N'],1,0,['thread comment']
217434,1,['N'],1,0,['thread comment']
213735,1,['N'],1,0,['thread comment']
226697,2,"['N', 'N']",2,0,['thread comment']
225561,1,['N'],1,0,['thread comment']
214737,1,['N'],1,0,['thread comment']
219477,5,"['N', 'N', 'N', 'N', 'N']",5,0,['thread comment']
215521,2,"['N', 'NC']",1,1,['both']
106071,5,"['N', 'N', 'N', 'N', 'NC']",4,1,['both']
216431,12,"['NC', 'N', 'N', 'NC', 'N', 'NC', 'NC', 'NC', 'NC', 'NC', 'N', 'NC']",4,8,['both']
224231,1,['N'],1,0,['thread comment']
211555,1,['N'],1,0,['thread comment']
215416,4,"['N', 'NC', 'NC', 'NC']",1,3,['both']
222454,1,['N'],1,0,['thread comment']
222624,1,['N'],1,0,['thread comment']
227146,3,"['N', 'N', 'NC']",2,1,['both']
215437,4,"['N', 'N', 'N', 'NC']",3,1,['both']
225810,2,"['N', 'NC']",1,1,['both']
227094,1,['N'],1,0,['thread comment']
215347,1,['N'],1,0,['thread comment']
226236,1,['N'],1,0,['thread comment']
225728,1,['N'],1,0,['thread comment']
225149,2,"['N', 'N']",2,0,['thread comment']
224212,1,['N'],1,0,['thread comment']
227155,1,['N'],1,0,['thread comment']
211492,1,['NC'],0,1,['comment']
226254,1,['N'],1,0,['thread comment']
224000,1,['N'],1,0,['thread comment']
227183,1,['N'],1,0,['thread comment']
216101,1,['N'],1,0,['thread comment']
225827,2,"['N', 'N']",2,0,['thread comment']
217441,1,['N'],1,0,['thread comment']
222344,1,['N'],1,0,['thread comment']
215371,1,['N'],1,0,['thread comment']
211496,3,"['N', 'NC', 'NC']",1,2,['both']
226967,1,['N'],1,0,['thread comment']
211432,1,['NC'],0,1,['comment']
227078,4,"['N', 'N', 'N', 'NC']",3,1,['both']
215485,1,['N'],1,0,['thread comment']
212559,1,['N'],1,0,['thread comment']
225702,4,"['N', 'NC', 'NC', 'N']",2,2,['both']
211438,1,['N'],1,0,['thread comment']
224216,2,"['N', 'NC']",1,1,['both']
214223,1,['N'],1,0,['thread comment']
222880,4,"['N', 'NC', 'N', 'NC']",2,2,['both']
222863,3,"['N', 'NC', 'NC']",1,2,['both']
222566,3,"['N', 'NC', 'N']",2,1,['both']
226752,2,"['N', 'N']",2,0,['thread comment']
214891,1,['N'],1,0,['thread comment']
213450,1,['NC'],0,1,['comment']
221521,2,"['NC', 'NC']",0,2,['comment']
216683,3,"['N', 'N', 'NC']",2,1,['both']
213554,3,"['N', 'NC', 'NC']",1,2,['both']
220836,2,"['N', 'NC']",1,1,['both']
226664,1,['N'],1,0,['thread comment']
222873,1,['N'],1,0,['thread comment']
217885,1,['N'],1,0,['thread comment']
215934,7,"['NC', 'N', 'NC', 'NC', 'NC', 'NC', 'NC']",1,6,['both']
223520,1,['N'],1,0,['thread comment']
217851,1,['N'],1,0,['thread comment']
221964,4,"['N', 'N', 'NC', 'NC']",2,2,['both']
217653,3,"['NC', 'NC', 'NC']",0,3,['comment']
215815,2,"['N', 'NC']",1,1,['both']
222749,22,"['N', 'N', 'NC', 'NC', 'N', 'N', 'N', 'NC', 'NC', 'NC', 'NC', 'NC', 'NC', 'NC', 'NC', 'N', 'NC', 'NC', 'NC', 'NC', 'NC', 'NC']",6,16,['both']
214504,2,"['N', 'N']",2,0,['thread comment']
211491,1,['N'],1,0,['thread comment']
216503,1,['N'],1,0,['thread comment']
216506,1,['N'],1,0,['thread comment']
221892,1,['N'],1,0,['thread comment']
222293,1,['N'],1,0,['thread comment']
216094,1,['N'],1,0,['thread comment']
217072,3,"['N', 'NC', 'NC']",1,2,['both']
216882,4,"['NC', 'NC', 'NC', 'N']",1,3,['both']
220950,1,['N'],1,0,['thread comment']
213521,1,['N'],1,0,['thread comment']
224976,1,['NC'],0,1,['comment']
227076,1,['N'],1,0,['thread comment']
219715,5,"['N', 'N', 'NC', 'NC', 'N']",3,2,['both']
226843,1,['N'],1,0,['thread comment']
220614,2,"['N', 'NC']",1,1,['both']
218002,2,"['NC', 'NC']",0,2,['comment']
213269,1,['N'],1,0,['thread comment']
223786,5,"['N', 'N', 'NC', 'NC', 'N']",3,2,['both']
221271,3,"['N', 'N', 'N']",3,0,['thread comment']
211420,1,['N'],1,0,['thread comment']
216239,1,['N'],1,0,['thread comment']
214637,1,['N'],1,0,['thread comment']
225937,1,['NC'],0,1,['comment']
212527,6,"['N', 'NC', 'N', 'N', 'NC', 'NC']",3,3,['both']
226681,1,['N'],1,0,['thread comment']
221283,1,['N'],1,0,['thread comment']
220476,1,['N'],1,0,['thread comment']
220805,3,"['N', 'N', 'NC']",2,1,['both']
217424,1,['N'],1,0,['thread comment']
225536,1,['N'],1,0,['thread comment']
215037,2,"['N', 'N']",2,0,['thread comment']
217538,2,"['NC', 'NC']",0,2,['comment']
218116,1,['N'],1,0,['thread comment']
225549,1,['NC'],0,1,['comment']
221123,1,['N'],1,0,['thread comment']
218786,11,"['N', 'NC', 'NC', 'NC', 'N', 'N', 'NC', 'NC', 'N', 'NC', 'NC']",4,7,['both']
222426,1,['N'],1,0,['thread comment']
219582,1,['N'],1,0,['thread comment']
221273,1,['N'],1,0,['thread comment']
213680,1,['N'],1,0,['thread comment']
223901,1,['N'],1,0,['thread comment']
211737,2,"['NC', 'NC']",0,2,['comment']
219700,1,['N'],1,0,['thread comment']
219650,1,['N'],1,0,['thread comment']
227265,1,['NC'],0,1,['comment']
225630,1,['N'],1,0,['thread comment']
221268,2,"['N', 'NC']",1,1,['both']
218165,1,['N'],1,0,['thread comment']
215008,2,"['N', 'NC']",1,1,['both']
218009,1,['NC'],0,1,['comment']
213596,8,"['NC', 'NC', 'NC', 'NC', 'NC', 'NC', 'N', 'N']",2,6,['both']
216142,3,"['NC', 'N', 'NC']",1,2,['both']
217097,1,['NC'],0,1,['comment']
211522,17,"['N', 'N', 'NC', 'NC', 'NC', 'N', 'NC', 'NC', 'NC', 'NC', 'NC', 'NC', 'NC', 'NC', 'NC', 'NC', 'NC']",3,14,['both']
225181,1,['N'],1,0,['thread comment']
218645,1,['N'],1,0,['thread comment']
222810,3,"['N', 'N', 'N']",3,0,['thread comment']
219711,1,['N'],1,0,['thread comment']
224767,1,['N'],1,0,['thread comment']
214484,1,['N'],1,0,['thread comment']
218021,1,['N'],1,0,['thread comment']
226759,1,['N'],1,0,['thread comment']
214644,13,"['N', 'NC', 'NC', 'NC', 'NC', 'NC', 'N', 'NC', 'NC', 'N', 'NC', 'N', 'N']",5,8,['both']
220727,2,"['N', 'N']",2,0,['thread comment']
222186,1,['N'],1,0,['thread comment']
211447,1,['N'],1,0,['thread comment']
226972,1,['N'],1,0,['thread comment']
213133,1,['N'],1,0,['thread comment']
218227,1,['N'],1,0,['thread comment']
222411,1,['N'],1,0,['thread comment']
227276,1,['N'],1,0,['thread comment']
220167,8,"['NC', 'NC', 'NC', 'NC', 'NC', 'N', 'NC', 'NC']",1,7,['both']
217122,1,['N'],1,0,['thread comment']
222818,4,"['N', 'NC', 'N', 'N']",3,1,['both']
224110,1,['N'],1,0,['thread comment']
227049,1,['N'],1,0,['thread comment']
227050,1,['N'],1,0,['thread comment']
211536,1,['N'],1,0,['thread comment']
221062,2,"['NC', 'NC']",0,2,['comment']
221378,4,"['N', 'NC', 'NC', 'NC']",1,3,['both']
219561,1,['N'],1,0,['thread comment']
217816,1,['N'],1,0,['thread comment']
215191,7,"['NC', 'N', 'NC', 'NC', 'NC', 'N', 'N']",3,4,['both']
25328,1,['N'],1,0,['thread comment']
221893,2,"['NC', 'NC']",0,2,['comment']
215247,3,"['N', 'N', 'NC']",2,1,['both']
224198,2,"['N', 'N']",2,0,['thread comment']
227271,5,"['N', 'NC', 'NC', 'N', 'NC']",2,3,['both']
211422,1,['N'],1,0,['thread comment']
211540,7,"['NC', 'NC', 'NC', 'N', 'N', 'N', 'NC']",3,4,['both']
221642,2,"['NC', 'N']",1,1,['both']
219518,1,['N'],1,0,['thread comment']
218399,2,"['N', 'N']",2,0,['thread comment']
224079,1,['N'],1,0,['thread comment']
219546,1,['N'],1,0,['thread comment']
224539,1,['N'],1,0,['thread comment']
213931,1,['N'],1,0,['thread comment']
213328,1,['N'],1,0,['thread comment']
221984,1,['N'],1,0,['thread comment']
211891,5,"['N', 'N', 'NC', 'NC', 'NC']",2,3,['both']
213540,1,['NC'],0,1,['comment']
213701,2,"['N', 'NC']",1,1,['both']
212978,3,"['N', 'NC', 'NC']",1,2,['both']
211649,1,['N'],1,0,['thread comment']
173492,4,"['N', 'N', 'NC', 'NC']",2,2,['both']
218190,2,"['N', 'NC']",1,1,['both']
211443,3,"['NC', 'NC', 'N']",1,2,['both']
177869,1,['N'],1,0,['thread comment']
216196,1,['N'],1,0,['thread comment']
212649,2,"['N', 'N']",2,0,['thread comment']
219143,2,"['N', 'N']",2,0,['thread comment']
213866,2,"['N', 'NC']",1,1,['both']
218250,4,"['N', 'NC', 'NC', 'NC']",1,3,['both']
214962,7,"['N', 'NC', 'N', 'N', 'NC', 'NC', 'NC']",3,4,['both']
224609,1,['N'],1,0,['thread comment']
165736,1,['N'],1,0,['thread comment']
224673,2,"['N', 'N']",2,0,['thread comment']
226767,2,"['NC', 'NC']",0,2,['comment']
224761,3,"['N', 'N', 'N']",3,0,['thread comment']
217418,3,"['N', 'N', 'NC']",2,1,['both']
211533,1,['NC'],0,1,['comment']
224257,1,['N'],1,0,['thread comment']
212367,1,['N'],1,0,['thread comment']
227202,2,"['N', 'NC']",1,1,['both']
220424,12,"['N', 'NC', 'N', 'N', 'NC', 'NC', 'NC', 'NC', 'NC', 'NC', 'NC', 'NC']",3,9,['both']
222113,2,"['NC', 'N']",1,1,['both']
223444,1,['N'],1,0,['thread comment']
224665,1,['N'],1,0,['thread comment']
213667,2,"['NC', 'NC']",0,2,['comment']
211483,15,"['N', 'N', 'NC', 'NC', 'NC', 'N', 'NC', 'NC', 'NC', 'NC', 'NC', 'NC', 'N', 'NC', 'NC']",4,11,['both']
216093,1,['N'],1,0,['thread comment']
211404,3,"['N', 'NC', 'NC']",1,2,['both']
222755,2,"['NC', 'N']",1,1,['both']
225527,1,['N'],1,0,['thread comment']
227021,3,"['N', 'NC', 'N']",2,1,['both']
212149,3,"['N', 'N', 'N']",3,0,['thread comment']
221791,3,"['N', 'NC', 'NC']",1,2,['both']
214294,1,['N'],1,0,['thread comment']
221587,4,"['NC', 'NC', 'NC', 'N']",1,3,['both']
222582,1,['N'],1,0,['thread comment']
226212,5,"['N', 'N', 'NC', 'NC', 'N']",3,2,['both']
222209,2,"['N', 'NC']",1,1,['both']
219327,1,['N'],1,0,['thread comment']
226867,1,['N'],1,0,['thread comment']
215811,1,['N'],1,0,['thread comment']
220342,1,['N'],1,0,['thread comment']
221245,1,['N'],1,0,['thread comment']
223848,1,['N'],1,0,['thread comment']
225881,2,"['N', 'N']",2,0,['thread comment']
225829,1,['N'],1,0,['thread comment']
217423,1,['N'],1,0,['thread comment']
219073,2,"['N', 'NC']",1,1,['both']
219436,4,"['N', 'N', 'NC', 'N']",3,1,['both']
112284,1,['N'],1,0,['thread comment']
219260,1,['N'],1,0,['thread comment']
220247,1,['N'],1,0,['thread comment']
220459,1,['N'],1,0,['thread comment']
225805,4,"['N', 'NC', 'N', 'NC']",2,2,['both']
219375,1,['NC'],0,1,['comment']
212481,2,"['N', 'NC']",1,1,['both']
214061,1,['N'],1,0,['thread comment']
222917,13,"['N', 'NC', 'NC', 'NC', 'NC', 'NC', 'NC', 'NC', 'N', 'NC', 'N', 'N', 'NC']",4,9,['both']
218219,8,"['N', 'NC', 'NC', 'NC', 'NC', 'NC', 'NC', 'NC']",1,7,['both']
218411,3,"['N', 'NC', 'N']",2,1,['both']
214320,1,['N'],1,0,['thread comment']
212146,2,"['N', 'NC']",1,1,['both']
217573,4,"['N', 'N', 'NC', 'NC']",2,2,['both']
223649,3,"['NC', 'N', 'N']",2,1,['both']
211781,4,"['N', 'NC', 'NC', 'NC']",1,3,['both']
215362,1,['N'],1,0,['thread comment']
217981,3,"['N', 'NC', 'NC']",1,2,['both']
227214,1,['N'],1,0,['thread comment']
211690,2,"['N', 'NC']",1,1,['both']
225542,1,['N'],1,0,['thread comment']
221282,2,"['N', 'NC']",1,1,['both']
211423,1,['N'],1,0,['thread comment']
215582,5,"['N', 'NC', 'NC', 'NC', 'NC']",1,4,['both']
213896,1,['N'],1,0,['thread comment']
211525,1,['N'],1,0,['thread comment']
216638,1,['N'],1,0,['thread comment']
216312,3,"['N', 'NC', 'NC']",1,2,['both']
223396,1,['N'],1,0,['thread comment']
219334,1,['N'],1,0,['thread comment']
220448,1,['N'],1,0,['thread comment']
222318,1,['N'],1,0,['thread comment']
220218,2,"['N', 'NC']",1,1,['both']
213135,1,['N'],1,0,['thread comment']
215409,1,['N'],1,0,['thread comment']
223231,1,['NC'],0,1,['comment']
222379,1,['N'],1,0,['thread comment']
227133,3,"['N', 'NC', 'NC']",1,2,['both']
220382,2,"['N', 'N']",2,0,['thread comment']
104651,1,['NC'],0,1,['comment']
224277,1,['N'],1,0,['thread comment']
218155,1,['N'],1,0,['thread comment']
225798,5,"['N', 'N', 'NC', 'NC', 'NC']",2,3,['both']
170552,4,"['N', 'NC', 'NC', 'NC']",1,3,['both']
221626,3,"['N', 'N', 'N']",3,0,['thread comment']
221924,2,"['N', 'NC']",1,1,['both']
217961,1,['N'],1,0,['thread comment']
211752,5,"['N', 'NC', 'N', 'NC', 'NC']",2,3,['both']
225801,2,"['N', 'NC']",1,1,['both']
220714,2,"['N', 'N']",2,0,['thread comment']
219850,3,"['N', 'N', 'N']",3,0,['thread comment']
219393,4,"['N', 'N', 'NC', 'N']",3,1,['both']
227377,2,"['N', 'NC']",1,1,['both']
225006,1,['N'],1,0,['thread comment']
216084,1,['N'],1,0,['thread comment']
221084,8,"['NC', 'N', 'N', 'NC', 'NC', 'N', 'NC', 'NC']",3,5,['both']
213889,1,['N'],1,0,['thread comment']
221275,2,"['N', 'N']",2,0,['thread comment']
223858,14,"['N', 'N', 'N', 'N', 'NC', 'NC', 'NC', 'NC', 'NC', 'NC', 'NC', 'NC', 'NC', 'NC']",4,10,['both']
223830,1,['N'],1,0,['thread comment']
220594,1,['N'],1,0,['thread comment']
221968,1,['N'],1,0,['thread comment']
219936,2,"['NC', 'NC']",0,2,['comment']
171171,1,['N'],1,0,['thread comment']
226110,1,['N'],1,0,['thread comment']
221230,1,['N'],1,0,['thread comment']
212617,1,['N'],1,0,['thread comment']
170642,1,['N'],1,0,['thread comment']
216932,3,"['N', 'NC', 'NC']",1,2,['both']
215874,1,['N'],1,0,['thread comment']
224140,1,['N'],1,0,['thread comment']
223611,1,['N'],1,0,['thread comment']
223668,1,['N'],1,0,['thread comment']
227018,1,['N'],1,0,['thread comment']
227398,1,['N'],1,0,['thread comment']
219538,1,['N'],1,0,['thread comment']
222843,1,['N'],1,0,['thread comment']
224130,2,"['N', 'NC']",1,1,['both']
215337,1,['N'],1,0,['thread comment']
225137,2,"['N', 'NC']",1,1,['both']
223915,1,['N'],1,0,['thread comment']
227267,1,['N'],1,0,['thread comment']
213926,3,"['NC', 'NC', 'NC']",0,3,['comment']
224126,1,['NC'],0,1,['comment']
220131,1,['N'],1,0,['thread comment']
219653,8,"['N', 'NC', 'N', 'NC', 'NC', 'NC', 'NC', 'N']",3,5,['both']
212591,2,"['NC', 'NC']",0,2,['comment']
222301,3,"['N', 'N', 'N']",3,0,['thread comment']
223445,1,['N'],1,0,['thread comment']
223646,1,['N'],1,0,['thread comment']
227264,1,['N'],1,0,['thread comment']
223806,1,['N'],1,0,['thread comment']
226713,1,['N'],1,0,['thread comment']
224476,1,['N'],1,0,['thread comment']
217951,2,"['N', 'NC']",1,1,['both']
220701,1,['N'],1,0,['thread comment']
223454,2,"['N', 'NC']",1,1,['both']
217621,1,['N'],1,0,['thread comment']
217208,1,['N'],1,0,['thread comment']
220777,1,['N'],1,0,['thread comment']
223882,1,['N'],1,0,['thread comment']
223728,2,"['N', 'N']",2,0,['thread comment']
219512,1,['N'],1,0,['thread comment']
219979,1,['NC'],0,1,['comment']
227105,1,['N'],1,0,['thread comment']
217419,2,"['N', 'N']",2,0,['thread comment']
223975,1,['N'],1,0,['thread comment']
219988,1,['NC'],0,1,['comment']
211421,3,"['N', 'NC', 'NC']",1,2,['both']
213365,1,['N'],1,0,['thread comment']
219225,1,['N'],1,0,['thread comment']
222116,4,"['NC', 'NC', 'NC', 'NC']",0,4,['comment']
226033,1,['N'],1,0,['thread comment']
211460,1,['N'],1,0,['thread comment']
222239,1,['N'],1,0,['thread comment']
222516,2,"['N', 'NC']",1,1,['both']
212328,2,"['N', 'NC']",1,1,['both']
219527,1,['N'],1,0,['thread comment']
223521,1,['N'],1,0,['thread comment']
220191,1,['N'],1,0,['thread comment']
212008,2,"['N', 'N']",2,0,['thread comment']
224291,1,['N'],1,0,['thread comment']
216345,1,['N'],1,0,['thread comment']
211572,1,['N'],1,0,['thread comment']
219174,1,['N'],1,0,['thread comment']
212478,1,['N'],1,0,['thread comment']
225741,1,['N'],1,0,['thread comment']
222052,1,['N'],1,0,['thread comment']
213271,1,['N'],1,0,['thread comment']
216784,1,['N'],1,0,['thread comment']
226483,1,['N'],1,0,['thread comment']
224252,1,['N'],1,0,['thread comment']
213944,6,"['NC', 'NC', 'N', 'NC', 'NC', 'NC']",1,5,['both']
212485,1,['N'],1,0,['thread comment']
217171,1,['N'],1,0,['thread comment']
226817,1,['N'],1,0,['thread comment']
227291,2,"['N', 'NC']",1,1,['both']
217138,1,['N'],1,0,['thread comment']
212947,1,['N'],1,0,['thread comment']
218060,1,['N'],1,0,['thread comment']
226774,1,['N'],1,0,['thread comment']
14949,2,"['N', 'NC']",1,1,['both']
221259,1,['N'],1,0,['thread comment']
223905,1,['N'],1,0,['thread comment']
219631,1,['NC'],0,1,['comment']
216161,5,"['NC', 'NC', 'N', 'NC', 'NC']",1,4,['both']
224227,3,"['N', 'N', 'N']",3,0,['thread comment']
223329,1,['N'],1,0,['thread comment']
